{"cameraMode":{"drawMode":0,"name":"Shaded","section":"Shading Mode"},"sceneLighting":false,"audioPlay":false,"sceneViewState":{"m_AlwaysRefresh":false,"showFog":false,"showSkybox":false,"showFlares":false,"showImageEffects":false,"showParticleSystems":false,"showVisualEffectGraphs":true,"m_FxEnabled":true},"in2DMode":false,"pivot":{"x":-0.0017410516738891602,"y":0.9126082062721252,"z":-0.0756303071975708},"rotation":{"x":-0.23215237259864808,"y":-0.021641897037625314,"z":0.005024992395192385,"w":-0.972585141658783},"size":1.3853473663330079,"orthographic":false}