{"cameraMode":{"drawMode":0,"name":"Shaded","section":"Shading Mode"},"sceneLighting":true,"audioPlay":false,"sceneViewState":{"m_AlwaysRefresh":false,"showFog":true,"showSkybox":true,"showFlares":true,"showImageEffects":true,"showParticleSystems":true,"showVisualEffectGraphs":true,"m_FxEnabled":true},"in2DMode":false,"pivot":{"x":53.00979232788086,"y":0.38666296005249026,"z":-48.768062591552737},"rotation":{"x":-0.0006432117661461234,"y":0.9990843534469605,"z":-0.041419617831707,"w":-0.03519012778997421},"size":18.520116806030275,"orthographic":false}