{"cameraMode":{"drawMode":0,"name":"Shaded","section":"Shading Mode"},"sceneLighting":false,"audioPlay":false,"sceneViewState":{"m_AlwaysRefresh":false,"showFog":false,"showSkybox":false,"showFlares":false,"showImageEffects":false,"showParticleSystems":false,"showVisualEffectGraphs":true,"m_FxEnabled":true},"in2DMode":false,"pivot":{"x":0.803945779800415,"y":1.0738121271133423,"z":-0.3184990882873535},"rotation":{"x":0.00022564971004612744,"y":0.9995558857917786,"z":0.02968611940741539,"w":-0.007196720689535141},"size":2.2763352394104006,"orthographic":false}