{"cameraMode":{"drawMode":0,"name":"Shaded","section":"Shading Mode"},"sceneLighting":false,"audioPlay":false,"sceneViewState":{"m_AlwaysRefresh":false,"showFog":true,"showSkybox":false,"showFlares":true,"showImageEffects":true,"showParticleSystems":true,"showVisualEffectGraphs":true,"m_FxEnabled":true},"in2DMode":false,"pivot":{"x":-0.0017557144165039063,"y":0.8804384469985962,"z":-0.19000092148780824},"rotation":{"x":0.0016901531489565969,"y":-0.9937350749969482,"z":0.1125793606042862,"w":0.013999572955071926},"size":1.4310336112976075,"orthographic":false}