{"cameraMode":{"drawMode":0,"name":"Shaded","section":"Shading Mode"},"sceneLighting":false,"audioPlay":false,"sceneViewState":{"m_AlwaysRefresh":false,"showFog":false,"showSkybox":false,"showFlares":false,"showImageEffects":false,"showParticleSystems":false,"showVisualEffectGraphs":true,"m_FxEnabled":true},"in2DMode":false,"pivot":{"x":0.45502376556396487,"y":0.9031699895858765,"z":0.28680896759033205},"rotation":{"x":0.000962318095844239,"y":0.9979013800621033,"z":-0.0632609948515892,"w":0.015269672498106957},"size":0.8660253882408142,"orthographic":false}