{"cameraMode":{"drawMode":0,"name":"Shaded","section":"Shading Mode"},"sceneLighting":true,"audioPlay":false,"sceneViewState":{"m_AlwaysRefresh":false,"showFog":true,"showSkybox":false,"showFlares":true,"showImageEffects":true,"showParticleSystems":true,"showVisualEffectGraphs":true,"m_FxEnabled":true},"in2DMode":false,"pivot":{"x":80.29019165039063,"y":347.34344482421877,"z":74.79048156738281},"rotation":{"x":0.028182564303278924,"y":0.01708959974348545,"z":0.00048193329712376,"w":-0.9994574785232544},"size":421.5571594238281,"orthographic":false}