{"cameraMode":{"drawMode":0,"name":"Shaded","section":"Shading Mode"},"sceneLighting":false,"audioPlay":false,"sceneViewState":{"m_AlwaysRefresh":false,"showFog":false,"showSkybox":false,"showFlares":false,"showImageEffects":false,"showParticleSystems":false,"showVisualEffectGraphs":true,"m_FxEnabled":true},"in2DMode":false,"pivot":{"x":-0.0017557144165039063,"y":0.8804384469985962,"z":-0.02056753635406494},"rotation":{"x":-0.012786139734089375,"y":-0.9874365329742432,"z":0.11635792255401612,"w":-0.10762651264667511},"size":1.3878905773162842,"orthographic":false}