{"cameraMode":{"drawMode":0,"name":"Shaded","section":"Shading Mode"},"sceneLighting":false,"audioPlay":false,"sceneViewState":{"m_AlwaysRefresh":false,"showFog":false,"showSkybox":false,"showFlares":false,"showImageEffects":false,"showParticleSystems":false,"showVisualEffectGraphs":true,"m_FxEnabled":true},"in2DMode":false,"pivot":{"x":-0.12662601470947267,"y":0.7545710802078247,"z":0.14368724822998048},"rotation":{"x":0.012278513982892037,"y":0.9790350794792175,"z":-0.0620650090277195,"w":0.1936747431755066},"size":1.7625210285186768,"orthographic":false}